Titulo,Autor,Fecha de Publicacion,ISBN,Editorial
Mariposita,Esta En La Cocina,12/5/1973,9780001831780,Juanes
Lirios Santos,Kenneth Petunes,12/04/2004,9780001831780,Jugos
Patitos Huesos,Padre Nuestro,12/03/2014,9780001831780,Lenox
Asd,Asd Asd,12/02/2005,9780001831780,Kashd
El Principito,Adsasda Asdasd,12/03/2003,9780001831780
KasjdhaEr,We Ds,14/4/1987,9780060883287,Dsf
Hola,Pepe Ar,17/8/2007,9780060114183,Sdf
Sdfd,Dfsd Sdf,17/08/0,9783140464079,Sdf
Programacion Tres,Pepito Flores,29/02/2000,9783140464079,Espe
Programacion Tres,Pepito Flores,29/02/2000,9783140464079,Espe
Programacion ,Pepito Flores,17/08/2004,9780060883287,Santillana
El Principito,Saint Laor,17/08/1980,9783462037197,Ewr
